<application>
  <component name="FileTypeManager" version="18">
    <extensionMap>
      <mapping ext="space.kts" type="Kotlin" />
      <mapping ext="gradle.kts" type="Kotlin" />
      <mapping ext="main.kts" type="Kotlin" />
      <removed_mapping ext="apk" approved="true" type="ARCHIVE" />
      <removed_mapping ext="ignore" approved="true" type="IgnoreLang file" />
      <removed_mapping ext="psd" approved="true" type="Image" />
      <removed_mapping ext="yaml" approved="true" type="SnakeYAML" />
      <removed_mapping ext="yaml" approved="true" type="YAML" />
      <removed_mapping ext="yml" approved="true" type="SnakeYAML" />
      <removed_mapping ext="yml" approved="true" type="YAML" />
      <mapping ext=".model" type="Tabnine project model file" />
      <mapping ext=".tabnine" type="Tabnine project model file" />
      <mapping ext=".tabnine.model" type="Tabnine project model file" />
      <mapping ext="model" type="Tabnine project model file" />
      <mapping ext="tabnine" type="Tabnine project model file" />
    </extensionMap>
  </component>
</application>